"ID"	"CHR"	"POS"	"REF"	"ALT"
"1"	"s0"	"1"	1132050	"A"	"G"
"2"	"s1"	"1"	33235330	"C"	"T"
"3"	"s2"	"1"	36563467	"G"	"T"
"4"	"s3"	"1"	40525054	"G"	"A"
"5"	"s4"	"1"	44447570	"C"	"T"
"6"	"s5"	"1"	45270959	"G"	"C"
"7"	"s6"	"1"	46180006	"G"	"A"
"8"	"s7"	"1"	46531788	"G"	"C"
"9"	"s8"	"1"	55562739	"C"	"G"
"10"	"s9"	"1"	72241960	"T"	"A"
"11"	"s10"	"1"	78098206	"C"	"A"
"12"	"s11"	"1"	91843661	"G"	"T"
"13"	"s12"	"1"	111061207	"C"	"T"
"14"	"s13"	"1"	144363678	"T"	"C"
"15"	"s14"	"1"	144877200	"C"	"G"
"16"	"s15"	"1"	145456638	"C"	"T"
"17"	"s16"	"1"	145473353	"C"	"G"
"18"	"s17"	"1"	145650536	"C"	"G"
"19"	"s18"	"1"	150526538	"C"	"A"
"20"	"s19"	"1"	151027602	"T"	"G"
"21"	"s20"	"1"	154108374	"C"	"G"
"22"	"s21"	"1"	155032441	"C"	"T"
"23"	"s22"	"1"	155207964	"C"	"G"
"24"	"s23"	"1"	155640184	"C"	"T"
"25"	"s24"	"1"	156622507	"G"	"C"
"26"	"s25"	"1"	166890337	"G"	"A"
"27"	"s26"	"1"	167666446	"G"	"C"
"28"	"s27"	"1"	169930316	"G"	"C"
"29"	"s28"	"1"	173910405	"G"	"A"
"30"	"s29"	"1"	180065311	"G"	"A"
"31"	"s30"	"1"	186332481	"G"	"A"
"32"	"s31"	"1"	201754468	"G"	"C"
"33"	"s32"	"1"	203138105	"G"	"C"
"34"	"s33"	"1"	209963975	"G"	"A"
"35"	"s34"	"1"	212120009	"C"	"T"
"36"	"s35"	"1"	215812501	"T"	"C"
"37"	"s36"	"1"	220791985	"G"	"A"
"38"	"s37"	"1"	220986660	"G"	"A"
"39"	"s38"	"1"	228487587	"G"	"C"
"40"	"s39"	"1"	235299065	"C"	"G"
"41"	"s40"	"1"	237796953	"C"	"G"
"42"	"s41"	"2"	11809758	"G"	"A"
"43"	"s42"	"2"	11932126	"C"	"G"
"44"	"s43"	"2"	21231316	"A"	"T"
"45"	"s44"	"2"	24111259	"G"	"C"
"46"	"s45"	"2"	24535194	"G"	"C"
"47"	"s46"	"2"	47249052	"G"	"T"
"48"	"s47"	"2"	49190888	"C"	"G"
"49"	"s48"	"2"	86325751	"C"	"G"
"50"	"s49"	"2"	110849288	"C"	"T"
"51"	"s50"	"2"	128177562	"G"	"C"
"52"	"s51"	"2"	135616868	"G"	"C"
"53"	"s52"	"2"	135985433	"C"	"G"
"54"	"s53"	"2"	157184452	"G"	"C"
"55"	"s54"	"2"	172952775	"G"	"A"
"56"	"s55"	"2"	179587494	"C"	"A"
"57"	"s56"	"2"	186661471	"C"	"T"
"58"	"s57"	"2"	188247996	"C"	"T"
"59"	"s58"	"2"	202356801	"C"	"G"
"60"	"s59"	"2"	216248081	"C"	"T"
"61"	"s60"	"2"	219757980	"G"	"A"
"62"	"s61"	"2"	228786270	"C"	"G"
"63"	"s62"	"2"	231406031	"C"	"G"
"64"	"s63"	"2"	237308077	"C"	"T"
"65"	"s64"	"2"	242681908	"G"	"C"
"66"	"s65"	"3"	1427384	"G"	"T"
"67"	"s66"	"3"	9780786	"G"	"C"
"68"	"s67"	"3"	21465543	"C"	"T"
"69"	"s68"	"3"	23932037	"G"	"A"
"70"	"s69"	"3"	27387701	"C"	"G"
"71"	"s70"	"3"	38645490	"G"	"A"
"72"	"s71"	"3"	44312297	"G"	"A"
"73"	"s72"	"3"	49940026	"G"	"A"
"74"	"s73"	"3"	50404315	"C"	"T"
"75"	"s74"	"3"	53220010	"C"	"A"
"76"	"s75"	"3"	113063499	"C"	"G"
"77"	"s76"	"3"	137843714	"C"	"T"
"78"	"s77"	"3"	142840680	"G"	"A"
"79"	"s78"	"3"	155311965	"C"	"G"
"80"	"s79"	"3"	158542023	"C"	"G"
"81"	"s80"	"3"	169854264	"C"	"T"
"82"	"s81"	"3"	183432996	"G"	"A"
"83"	"s82"	"3"	183966699	"C"	"A"
"84"	"s83"	"3"	186299811	"A"	"C"
"85"	"s84"	"3"	188592259	"G"	"A"
"86"	"s85"	"3"	196295988	"G"	"A"
"87"	"s86"	"4"	680073	"G"	"A"
"88"	"s87"	"4"	1986605	"C"	"G"
"89"	"s88"	"4"	2701983	"G"	"C"
"90"	"s89"	"4"	10573370	"C"	"G"
"91"	"s90"	"4"	38798208	"G"	"C"
"92"	"s91"	"4"	44449750	"T"	"C"
"93"	"s92"	"4"	54966624	"C"	"T"
"94"	"s93"	"4"	57976364	"C"	"G"
"95"	"s94"	"4"	74283931	"G"	"A"
"96"	"s95"	"4"	104068543	"C"	"T"
"97"	"s96"	"4"	106640593	"C"	"G"
"98"	"s97"	"4"	107847071	"A"	"G"
"99"	"s98"	"4"	111539386	"G"	"A"
"100"	"s99"	"4"	120190877	"G"	"C"
"101"	"s100"	"4"	122825583	"A"	"G"
"102"	"s101"	"4"	184930626	"C"	"T"
"103"	"s102"	"5"	10649381	"C"	"T"
"104"	"s103"	"5"	11385166	"G"	"A"
"105"	"s104"	"5"	13777351	"G"	"C"
"106"	"s105"	"5"	23526481	"G"	"A"
"107"	"s106"	"5"	35628637	"A"	"G"
"108"	"s107"	"5"	38923309	"G"	"C"
"109"	"s108"	"5"	38950265	"T"	"A"
"110"	"s109"	"5"	40853802	"C"	"T"
"111"	"s110"	"5"	43547916	"C"	"T"
"112"	"s111"	"5"	75970373	"C"	"T"
"113"	"s112"	"5"	77425022	"C"	"T"
"114"	"s113"	"5"	82835485	"A"	"G"
"115"	"s114"	"5"	82835488	"C"	"T"
"116"	"s115"	"5"	115238650	"T"	"C"
"117"	"s116"	"5"	137230261	"G"	"A"
"118"	"s117"	"5"	137284723	"G"	"C"
"119"	"s118"	"5"	149431368	"C"	"T"
"120"	"s119"	"5"	150922984	"G"	"A"
"121"	"s120"	"5"	153406812	"C"	"G"
"122"	"s121"	"5"	159520509	"T"	"C"
"123"	"s122"	"5"	169101351	"G"	"C"
"124"	"s123"	"5"	178040534	"G"	"A"
"125"	"s124"	"6"	7576546	"C"	"A"
"126"	"s125"	"6"	7576548	"A"	"T"
"127"	"s126"	"6"	24716405	"G"	"A"
"128"	"s127"	"6"	26158508	"C"	"A"
"129"	"s128"	"6"	26271225	"G"	"A"
"130"	"s129"	"6"	26443884	"T"	"G"
"131"	"s130"	"6"	29644725	"C"	"T"
"132"	"s131"	"6"	30673153	"A"	"G"
"133"	"s132"	"6"	31617134	"G"	"A"
"134"	"s133"	"6"	35716528	"G"	"C"
"135"	"s134"	"6"	36463677	"G"	"A"
"136"	"s135"	"6"	99914614	"C"	"A"
"137"	"s136"	"6"	101166124	"C"	"T"
"138"	"s137"	"6"	111336971	"C"	"G"
"139"	"s138"	"6"	112454620	"C"	"G"
"140"	"s139"	"6"	117130758	"G"	"A"
"141"	"s140"	"6"	119149268	"G"	"C"
"142"	"s141"	"6"	126176314	"G"	"C"
"143"	"s142"	"6"	135358159	"G"	"C"
"144"	"s143"	"6"	144075007	"G"	"C"
"145"	"s144"	"6"	146056485	"C"	"T"
"146"	"s145"	"6"	146215288	"G"	"C"
"147"	"s146"	"6"	149699337	"A"	"T"
"148"	"s147"	"6"	152651396	"C"	"T"
"149"	"s148"	"6"	152728177	"C"	"T"
"150"	"s149"	"6"	159457785	"C"	"G"
"151"	"s150"	"6"	161134123	"G"	"C"
"152"	"s151"	"6"	170858130	"G"	"A"
"153"	"s152"	"7"	286427	"G"	"C"
"154"	"s153"	"7"	4862148	"C"	"T"
"155"	"s154"	"7"	15725993	"G"	"A"
"156"	"s155"	"7"	19156465	"G"	"A"
"157"	"s156"	"7"	91726279	"C"	"T"
"158"	"s157"	"7"	99774750	"C"	"T"
"159"	"s158"	"7"	100482943	"C"	"G"
"160"	"s159"	"7"	100685880	"C"	"G"
"161"	"s160"	"7"	101962062	"G"	"A"
"162"	"s161"	"7"	112424306	"A"	"G"
"163"	"s162"	"7"	115590937	"G"	"C"
"164"	"s163"	"7"	120935642	"C"	"G"
"165"	"s164"	"7"	122033575	"G"	"A"
"166"	"s165"	"7"	142658183	"C"	"A"
"167"	"s166"	"7"	148529754	"G"	"A"
"168"	"s167"	"7"	158434217	"C"	"T"
"169"	"s168"	"7"	158456905	"C"	"G"
"170"	"s169"	"8"	29006260	"C"	"A"
"171"	"s170"	"8"	29953040	"C"	"G"
"172"	"s171"	"8"	39442193	"G"	"A"
"173"	"s172"	"8"	39602397	"C"	"T"
"174"	"s173"	"8"	42611277	"C"	"G"
"175"	"s174"	"8"	43047460	"C"	"A"
"176"	"s175"	"8"	48773481	"C"	"G"
"177"	"s176"	"8"	57905782	"G"	"C"
"178"	"s177"	"8"	71050502	"G"	"A"
"179"	"s178"	"8"	73849758	"G"	"C"
"180"	"s179"	"8"	95686643	"C"	"G"
"181"	"s180"	"8"	104897915	"G"	"A"
"182"	"s181"	"8"	116427067	"C"	"G"
"183"	"s182"	"8"	122641375	"C"	"T"
"184"	"s183"	"8"	141294092	"G"	"A"
"185"	"s184"	"9"	418109	"G"	"A"
"186"	"s185"	"9"	2807817	"G"	"C"
"187"	"s186"	"9"	4118542	"G"	"A"
"188"	"s187"	"9"	19296231	"C"	"T"
"189"	"s188"	"9"	35059173	"G"	"C"
"190"	"s189"	"9"	35380612	"G"	"A"
"191"	"s190"	"9"	35685291	"C"	"G"
"192"	"s191"	"9"	36170270	"G"	"A"
"193"	"s192"	"9"	69420377	"A"	"G"
"194"	"s193"	"9"	71628877	"G"	"A"
"195"	"s194"	"9"	100128960	"G"	"T"
"196"	"s195"	"9"	101068572	"T"	"A"
"197"	"s196"	"9"	101797690	"C"	"T"
"198"	"s197"	"9"	102713413	"G"	"A"
"199"	"s198"	"9"	115935773	"C"	"G"
"200"	"s199"	"9"	121976232	"G"	"C"
"201"	"s200"	"9"	123586907	"C"	"G"
"202"	"s201"	"9"	123805312	"C"	"G"
"203"	"s202"	"9"	124073021	"A"	"G"
"204"	"s203"	"9"	127298383	"C"	"T"
"205"	"s204"	"9"	130258344	"G"	"A"
"206"	"s205"	"9"	131023806	"C"	"T"
"207"	"s206"	"9"	131870226	"G"	"A"
"208"	"s207"	"9"	134314442	"G"	"A"
"209"	"s208"	"9"	139740729	"C"	"T"
"210"	"s209"	"10"	5781620	"C"	"G"
"211"	"s210"	"10"	6061845	"C"	"T"
"212"	"s211"	"10"	15175259	"C"	"G"
"213"	"s212"	"10"	30736798	"G"	"C"
"214"	"s213"	"10"	31815926	"G"	"A"
"215"	"s214"	"10"	32573746	"C"	"G"
"216"	"s215"	"10"	35805534	"C"	"G"
"217"	"s216"	"10"	64967829	"C"	"G"
"218"	"s217"	"10"	70202766	"G"	"A"
"219"	"s218"	"10"	70666570	"C"	"G"
"220"	"s219"	"10"	75533057	"G"	"T"
"221"	"s220"	"10"	102265812	"C"	"G"
"222"	"s221"	"10"	104121595	"G"	"C"
"223"	"s222"	"10"	104128513	"C"	"G"
"224"	"s223"	"10"	105172875	"G"	"A"
"225"	"s224"	"10"	112039687	"G"	"C"
"226"	"s225"	"10"	118029081	"C"	"T"
"227"	"s226"	"10"	121259760	"G"	"C"
"228"	"s227"	"10"	134752197	"G"	"C"
"229"	"s228"	"11"	618743	"C"	"G"
"230"	"s229"	"11"	3690526	"C"	"G"
"231"	"s230"	"11"	6461496	"G"	"C"
"232"	"s231"	"11"	19253841	"C"	"T"
"233"	"s232"	"11"	62439318	"G"	"A"
"234"	"s233"	"11"	65715093	"G"	"A"
"235"	"s234"	"11"	66436745	"G"	"C"
"236"	"s235"	"11"	73020027	"C"	"T"
"237"	"s236"	"11"	73984612	"C"	"T"
"238"	"s237"	"11"	92715248	"G"	"C"
"239"	"s238"	"11"	113281494	"G"	"T"
"240"	"s239"	"11"	117374651	"G"	"A"
"241"	"s240"	"11"	118363830	"C"	"A"
"242"	"s241"	"11"	118373565	"G"	"C"
"243"	"s242"	"12"	1192514	"G"	"A"
"244"	"s243"	"12"	4651090	"G"	"A"
"245"	"s244"	"12"	6440021	"G"	"T"
"246"	"s245"	"12"	6457040	"C"	"G"
"247"	"s246"	"12"	7031265	"C"	"T"
"248"	"s247"	"12"	10461994	"G"	"C"
"249"	"s248"	"12"	40041626	"C"	"T"
"250"	"s249"	"12"	43819331	"C"	"G"
"251"	"s250"	"12"	49167789	"G"	"C"
"252"	"s251"	"12"	50725542	"C"	"G"
"253"	"s252"	"12"	52377824	"C"	"G"
"254"	"s253"	"12"	52992727	"G"	"T"
"255"	"s254"	"12"	54367551	"G"	"C"
"256"	"s255"	"12"	54913010	"G"	"A"
"257"	"s256"	"12"	55420303	"C"	"T"
"258"	"s257"	"12"	56567581	"C"	"G"
"259"	"s258"	"12"	56998414	"A"	"G"
"260"	"s259"	"12"	56998443	"G"	"A"
"261"	"s260"	"12"	58128450	"C"	"T"
"262"	"s261"	"12"	59266527	"G"	"A"
"263"	"s262"	"12"	69964113	"C"	"G"
"264"	"s263"	"12"	72338392	"C"	"G"
"265"	"s264"	"12"	95611009	"G"	"C"
"266"	"s265"	"12"	95611642	"G"	"C"
"267"	"s266"	"12"	105445890	"C"	"G"
"268"	"s267"	"12"	108603980	"G"	"A"
"269"	"s268"	"12"	108686535	"T"	"G"
"270"	"s269"	"12"	120635198	"G"	"T"
"271"	"s270"	"12"	121154705	"C"	"T"
"272"	"s271"	"12"	121654802	"G"	"C"
"273"	"s272"	"12"	122353819	"C"	"G"
"274"	"s273"	"12"	124116961	"C"	"G"
"275"	"s274"	"12"	133263895	"G"	"A"
"276"	"s275"	"13"	31231611	"G"	"A"
"277"	"s276"	"13"	46648037	"G"	"C"
"278"	"s277"	"13"	53216632	"C"	"G"
"279"	"s278"	"13"	53419977	"G"	"A"
"280"	"s279"	"13"	99890743	"C"	"G"
"281"	"s280"	"13"	100153869	"G"	"T"
"282"	"s281"	"13"	102568828	"G"	"C"
"283"	"s282"	"14"	22102686	"G"	"C"
"284"	"s283"	"14"	29237917	"C"	"T"
"285"	"s284"	"14"	36018364	"C"	"T"
"286"	"s285"	"14"	50116995	"G"	"A"
"287"	"s286"	"14"	50579413	"C"	"G"
"288"	"s287"	"14"	55454098	"G"	"C"
"289"	"s288"	"14"	68249641	"G"	"C"
"290"	"s289"	"14"	75747545	"G"	"A"
"291"	"s290"	"14"	77491829	"C"	"G"
"292"	"s291"	"14"	104642624	"G"	"C"
"293"	"s292"	"14"	105070899	"G"	"A"
"294"	"s293"	"15"	23892560	"C"	"A"
"295"	"s294"	"15"	28359786	"C"	"G"
"296"	"s295"	"15"	40293288	"G"	"A"
"297"	"s296"	"15"	41030186	"G"	"C"
"298"	"s297"	"15"	41136955	"C"	"T"
"299"	"s298"	"15"	43927993	"C"	"T"
"300"	"s299"	"15"	72292247	"G"	"C"
"301"	"s300"	"15"	73541965	"G"	"C"
"302"	"s301"	"15"	76019845	"C"	"G"
"303"	"s302"	"15"	91550786	"C"	"G"
"304"	"s303"	"15"	99768814	"G"	"T"
"305"	"s304"	"16"	553092	"G"	"C"
"306"	"s305"	"16"	745880	"G"	"T"
"307"	"s306"	"16"	2286850	"C"	"T"
"308"	"s307"	"16"	2548249	"C"	"T"
"309"	"s308"	"16"	3139389	"G"	"A"
"310"	"s309"	"16"	4387382	"G"	"A"
"311"	"s310"	"16"	10992565	"G"	"C"
"312"	"s311"	"16"	19126954	"G"	"C"
"313"	"s312"	"16"	21288811	"C"	"T"
"314"	"s313"	"16"	24815523	"G"	"C"
"315"	"s314"	"16"	24828190	"G"	"C"
"316"	"s315"	"16"	30536174	"G"	"T"
"317"	"s316"	"16"	53692370	"C"	"G"
"318"	"s317"	"16"	58314455	"G"	"C"
"319"	"s318"	"16"	67318957	"C"	"T"
"320"	"s319"	"16"	69748978	"G"	"A"
"321"	"s320"	"16"	69752138	"G"	"A"
"322"	"s321"	"16"	70292029	"C"	"T"
"323"	"s322"	"16"	71482346	"C"	"A"
"324"	"s323"	"16"	72830136	"G"	"A"
"325"	"s324"	"16"	84495641	"C"	"G"
"326"	"s325"	"16"	84690870	"G"	"C"
"327"	"s326"	"16"	88601037	"G"	"T"
"328"	"s327"	"16"	90086419	"G"	"C"
"329"	"s328"	"17"	706960	"C"	"G"
"330"	"s329"	"17"	3990794	"G"	"C"
"331"	"s330"	"17"	4343018	"G"	"C"
"332"	"s331"	"17"	5042746	"C"	"T"
"333"	"s332"	"17"	7578454	"G"	"T"
"334"	"s333"	"17"	7641314	"G"	"A"
"335"	"s334"	"17"	7843487	"G"	"A"
"336"	"s335"	"17"	10427135	"C"	"G"
"337"	"s336"	"17"	27052330	"G"	"C"
"338"	"s337"	"17"	27441990	"G"	"C"
"339"	"s338"	"17"	27937758	"C"	"G"
"340"	"s339"	"17"	27938899	"G"	"C"
"341"	"s340"	"17"	28612472	"C"	"T"
"342"	"s341"	"17"	29684093	"G"	"A"
"343"	"s342"	"17"	33749528	"C"	"G"
"344"	"s343"	"17"	34044263	"G"	"A"
"345"	"s344"	"17"	35562726	"C"	"T"
"346"	"s345"	"17"	35896170	"C"	"G"
"347"	"s346"	"17"	38447516	"G"	"A"
"348"	"s347"	"17"	40021425	"C"	"T"
"349"	"s348"	"17"	41859195	"G"	"C"
"350"	"s349"	"17"	45452144	"C"	"T"
"351"	"s350"	"17"	57743532	"G"	"C"
"352"	"s351"	"17"	62518836	"G"	"T"
"353"	"s352"	"17"	64961074	"G"	"C"
"354"	"s353"	"18"	2674073	"G"	"C"
"355"	"s354"	"18"	9119579	"T"	"A"
"356"	"s355"	"18"	9255242	"G"	"C"
"357"	"s356"	"18"	9886702	"C"	"T"
"358"	"s357"	"18"	13049566	"G"	"C"
"359"	"s358"	"18"	74728938	"C"	"G"
"360"	"s359"	"19"	3805973	"G"	"A"
"361"	"s360"	"19"	6387432	"G"	"C"
"362"	"s361"	"19"	17122476	"G"	"A"
"363"	"s362"	"19"	18391455	"G"	"A"
"364"	"s363"	"19"	36940780	"C"	"G"
"365"	"s364"	"19"	39138406	"G"	"C"
"366"	"s365"	"19"	42824535	"G"	"T"
"367"	"s366"	"19"	47774719	"C"	"T"
"368"	"s367"	"19"	54080922	"C"	"T"
"369"	"s368"	"19"	56701824	"C"	"G"
"370"	"s369"	"19"	57326792	"G"	"A"
"371"	"s370"	"19"	57672101	"G"	"A"
"372"	"s371"	"20"	2686240	"G"	"A"
"373"	"s372"	"20"	17705694	"G"	"C"
"374"	"s373"	"20"	32251356	"C"	"T"
"375"	"s374"	"20"	40126101	"C"	"T"
"376"	"s375"	"20"	45874811	"G"	"C"
"377"	"s376"	"20"	62520568	"G"	"C"
"378"	"s377"	"21"	34901210	"T"	"C"
"379"	"s378"	"21"	34915468	"C"	"G"
"380"	"s379"	"21"	37650633	"G"	"C"
"381"	"s380"	"21"	40188983	"C"	"G"
"382"	"s381"	"21"	43522290	"G"	"C"
"383"	"s382"	"21"	45953800	"C"	"T"
"384"	"s383"	"21"	47737941	"C"	"T"
"385"	"s384"	"22"	18210154	"G"	"C"
"386"	"s385"	"22"	20101016	"G"	"A"
"387"	"s386"	"22"	20114561	"G"	"C"
"388"	"s387"	"22"	21989552	"C"	"G"
"389"	"s388"	"22"	25243643	"C"	"T"
"390"	"s389"	"22"	31324039	"G"	"T"
"391"	"s390"	"22"	31953017	"C"	"G"
"392"	"s391"	"22"	35684359	"G"	"C"
"393"	"s392"	"22"	37688705	"G"	"A"
"394"	"s393"	"22"	42526787	"G"	"A"
"395"	"s394"	"X"	3239624	"C"	"G"
"396"	"s395"	"X"	8138237	"G"	"C"
"397"	"s396"	"X"	17819752	"C"	"G"
"398"	"s397"	"X"	31496391	"A"	"G"
"399"	"s398"	"X"	34657375	"A"	"T"
"400"	"s399"	"X"	37652983	"G"	"C"
"401"	"s400"	"X"	40498274	"T"	"G"
"402"	"s401"	"X"	47307508	"T"	"A"
"403"	"s402"	"X"	49142357	"C"	"T"
"404"	"s403"	"X"	50376637	"C"	"G"
"405"	"s404"	"X"	53564520	"C"	"G"
"406"	"s405"	"X"	54989737	"G"	"A"
"407"	"s406"	"X"	70524902	"C"	"T"
"408"	"s407"	"X"	79698150	"G"	"T"
"409"	"s408"	"X"	84526120	"G"	"T"
"410"	"s409"	"X"	91091032	"G"	"A"
"411"	"s410"	"X"	99657709	"G"	"T"
"412"	"s411"	"X"	102831408	"G"	"C"
"413"	"s412"	"X"	107869574	"C"	"G"
"414"	"s413"	"X"	117544900	"C"	"G"
"415"	"s414"	"X"	132795839	"C"	"T"
"416"	"s415"	"X"	134494651	"G"	"C"
"417"	"s416"	"X"	152158933	"C"	"G"
"418"	"s417"	"X"	152159809	"C"	"G"
